project_id,project_name,proposal_id,proposal_name
PRJ-20250416-001,todolist,P-20250416-001,
PRJ-20250416-001,todolist,P-20260502-012,
PRJ-20250416-001,todolist,P-20260502-014,
PRJ-20250416-001,todolist,P-20260502-015,
PRJ-20250416-001,todolist,P-20260502-016,
PRJ-20250416-001,todolist,P-20260502-019,
PRJ-20250416-001,todolist,P-20260503-020,
PRJ-20250416-001,todolist,P-20260503-024,
PRJ-20250416-001,todolist,P-20260503-025,
PRJ-20250416-001,todolist,P-20260503-026,
PRJ-20250416-001,todolist,P-20260503-027,
PRJ-20250416-002,game-1024,P-20250416-002,
PRJ-20250416-002,game-1024,P-20260502-007,
PRJ-20250416-002,game-1024,P-20260502-008,
PRJ-20250416-002,game-1024,P-20260502-009,
PRJ-20250416-002,game-1024,P-20260502-010,
PRJ-20250416-002,game-1024,P-20260502-011,
PRJ-20250418-003,harness-desktop,P-20250418-003,
PRJ-20250418-003,harness-desktop,P-20260510-001,
PRJ-20260412-008,ai-subscription,P-20260412-008,
PRJ-20260412-008,ai-subscription,P-20260502-017,
PRJ-20260412-008,ai-subscription,P-20260505-005,
PRJ-20260412-008,ai-subscription,P-20260505-006,
PRJ-20260412-008,ai-subscription,P-20260505-007,
PRJ-20260412-008,ai-subscription,P-20260505-008,
PRJ-20260412-008,ai-subscription,P-20260505-009,
PRJ-20260412-008,ai-subscription,P-20260505-010,
PRJ-20260412-008,ai-subscription,P-20260505-011,
PRJ-20260412-008,ai-subscription,P-20260505-013,
PRJ-20260412-008,ai-subscription,P-20260506-001,
PRJ-20260412-008,ai-subscription,P-20260506-002,
PRJ-20260412-008,ai-subscription,P-20260506-003,
PRJ-20260412-008,ai-subscription,P-20260506-004,
PRJ-20260412-008,ai-subscription,P-20260506-005,
PRJ-20260412-008,ai-subscription,P-20260506-006,
PRJ-20260412-008,ai-subscription,P-20260506-007,
PRJ-20260412-008,ai-subscription,P-20260506-008,
PRJ-20260412-008,ai-subscription,P-20260506-009,
PRJ-20260412-009,ai-stock-simulation,P-20260412-009,
PRJ-20260412-009,ai-stock-simulation,P-20260505-001,
PRJ-20260412-009,ai-stock-simulation,P-20260505-002,
PRJ-20260412-009,ai-stock-simulation,P-20260505-003,
PRJ-20260412-009,ai-stock-simulation,P-20260505-004,
PRJ-20260412-009,ai-stock-simulation,P-20260509-024,
PRJ-20260417-001,prj-proposals-manager,P-20250417-001,
PRJ-20260417-001,prj-proposals-manager,P-20260505-077,
PRJ-20260417-002,android-hello,P-20250417-002,
PRJ-20260417-002,android-hello,P-20260505-014,
PRJ-20260417-002,android-hello,P-20260505-015,
PRJ-20260417-002,android-hello,P-20260505-016,
PRJ-20260417-002,android-hello,P-20260505-017,
PRJ-20260417-002,android-hello,P-20260506-018,
PRJ-20260417-002,android-hello,P-20260506-019,
PRJ-20260417-002,android-hello,P-20260506-020,
PRJ-20260417-002,android-hello,P-20260506-021,
PRJ-20260417-002,android-hello,P-20260506-022,
PRJ-20260417-002,android-hello,P-20260506-023,
PRJ-20260417-002,android-hello,P-20260507-024,
PRJ-20260417-002,android-hello,P-20260507-025,
PRJ-20260417-002,android-hello,P-20260507-026,
PRJ-20260417-002,android-hello,P-20260507-027,
PRJ-20260417-002,android-hello,P-20260507-028,
PRJ-20260417-002,android-hello,P-20260507-029,
PRJ-20260417-002,android-hello,P-20260507-030,
PRJ-20260417-002,android-hello,P-20260509-003,
PRJ-20260417-002,android-hello,P-20260509-004,
PRJ-20260418-001,monopoly3d,P-20250418-001,
PRJ-20260418-002,creative-drawing-board,P-20260503-028,
PRJ-20260418-002,creative-drawing-board,P-20260503-038,
PRJ-20260418-002,creative-drawing-board,P-20260503-039,
PRJ-20260418-002,creative-drawing-board,P-20260503-040,
PRJ-20260418-002,creative-drawing-board,P-20260503-041,
PRJ-20260418-002,creative-drawing-board,P-20260503-042,
PRJ-20260418-002,creative-drawing-board,P-20260503-043,
PRJ-20260418-002,creative-drawing-board,P-20260503-044,
PRJ-20260418-002,creative-drawing-board,P-20260503-045,
PRJ-20260418-002,creative-drawing-board,P-20260503-046,
PRJ-20260418-002,creative-drawing-board,P-20260503-047,
PRJ-20260418-002,creative-drawing-board,P-20260503-048,
PRJ-20260418-002,creative-drawing-board,P-20260504-049,
PRJ-20260418-002,creative-drawing-board,P-20260504-050,
PRJ-20260418-002,creative-drawing-board,P-20260504-051,
PRJ-20260418-002,creative-drawing-board,P-20260504-052,
PRJ-20260418-002,creative-drawing-board,P-20260504-053,
PRJ-20260418-002,creative-drawing-board,P-20260504-054,
PRJ-20260418-002,creative-drawing-board,P-20260504-055,
PRJ-20260418-002,creative-drawing-board,P-20260504-056,
PRJ-20260418-002,creative-drawing-board,P-20260504-057,
PRJ-20260418-002,creative-drawing-board,P-20260504-058,
PRJ-20260418-002,creative-drawing-board,P-20260504-059,
PRJ-20260418-002,creative-drawing-board,P-20260504-060,
PRJ-20260418-002,creative-drawing-board,P-20260504-061,
PRJ-20260418-002,creative-drawing-board,P-20260504-062,
PRJ-20260418-002,creative-drawing-board,P-20260504-063,
PRJ-20260418-002,creative-drawing-board,P-20260504-064,
PRJ-20260418-002,creative-drawing-board,P-20260504-065,
PRJ-20260418-002,creative-drawing-board,P-20260504-066,
PRJ-20260418-002,creative-drawing-board,P-20260504-067,
PRJ-20260418-002,creative-drawing-board,P-20260504-068,
PRJ-20260418-002,creative-drawing-board,P-20260504-069,
PRJ-20260418-002,creative-drawing-board,P-20260505-078,
PRJ-20260418-002,creative-drawing-board,P-20260506-079,
PRJ-20260418-002,creative-drawing-board,P-20260506-080,
PRJ-20260418-002,creative-drawing-board,P-20260506-081,
PRJ-20260418-002,creative-drawing-board,P-20260506-082,
PRJ-20260418-002,creative-drawing-board,P-20260506-083,
PRJ-20260418-002,creative-drawing-board,P-20260506-084,
PRJ-20260418-004,future-little-leaders,P-20250418-004,
PRJ-20260418-004,future-little-leaders,P-20260504-3009,
PRJ-20260418-004,future-little-leaders,P-20260505-012,
PRJ-20260418-005,todo-app,P-20250418-005,
PRJ-20260419-001,temple-run,P-20260419-001,
PRJ-20260419-001,temple-run,P-20260504-070,
PRJ-20260419-001,temple-run,P-20260505-081,
PRJ-20260419-002,tank-battle,P-20250419-002,
PRJ-20260419-003,dont-step-white,P-20260419-003,
PRJ-20260419-003,dont-step-white,P-20260504-004,
PRJ-20260419-003,dont-step-white,P-20260504-009,
PRJ-20260419-003,dont-step-white,P-20260504-010,
PRJ-20260419-003,dont-step-white,P-20260504-011,
PRJ-20260419-003,dont-step-white,P-20260504-012,
PRJ-20260419-003,dont-step-white,P-20260504-013,
PRJ-20260419-003,dont-step-white,P-20260504-014,
PRJ-20260419-003,dont-step-white,P-20260504-015,
PRJ-20260419-003,dont-step-white,P-20260504-016,
PRJ-20260419-003,dont-step-white,P-20260504-018,
PRJ-20260419-003,dont-step-white,P-20260504-3024,
PRJ-20260419-003,dont-step-white,P-20260504-3027,
PRJ-20260419-005,TradingAgents-CN,P-20260419-004,
PRJ-20260419-005,TradingAgents-CN,P-20260504-3046,
PRJ-20260419-007,ai-creator-h5,P-20260507-006,
PRJ-20260419-007,ai-creator-h5,P-20260508-001,
PRJ-20260419-007,ai-creator-h5,P-20260508-002,
PRJ-20260420-001,snake-battle,P-20250420-001,
PRJ-20260420-001,snake-battle,P-20260503-021,
PRJ-20260420-001,snake-battle,P-20260503-022,
PRJ-20260420-001,snake-battle,P-20260503-023,
PRJ-20260420-002,pixel-pal-web,P-20260506-010,
PRJ-20260420-002,pixel-pal-web,P-20260507-001,
PRJ-20260420-002,pixel-pal-web,P-20260507-002,
PRJ-20260420-002,pixel-pal-web,P-20260507-003,
PRJ-20260421-001,card-game-prototype,P-20260502-013,
PRJ-20260421-001,card-game-prototype,P-20260503-001,
PRJ-20260421-001,card-game-prototype,P-20260503-002,
PRJ-20260421-001,card-game-prototype,P-20260503-003,
PRJ-20260421-001,card-game-prototype,P-20260503-004,
PRJ-20260421-001,card-game-prototype,P-20260503-005,
PRJ-20260421-001,card-game-prototype,P-20260503-006,
PRJ-20260421-001,card-game-prototype,P-20260503-007,
PRJ-20260421-001,card-game-prototype,P-20260503-008,
PRJ-20260421-001,card-game-prototype,P-20260503-009,
PRJ-20260421-001,card-game-prototype,P-20260503-010,
PRJ-20260421-001,card-game-prototype,P-20260503-011,
PRJ-20260421-001,card-game-prototype,P-20260503-012,
PRJ-20260421-001,card-game-prototype,P-20260503-013,
PRJ-20260421-001,card-game-prototype,P-20260503-014,
PRJ-20260421-001,card-game-prototype,P-20260503-015,
PRJ-20260421-001,card-game-prototype,P-20260503-016,
PRJ-20260421-001,card-game-prototype,P-20260503-017,
PRJ-20260421-001,card-game-prototype,P-20260503-018,
PRJ-20260421-001,card-game-prototype,P-20260503-019,
PRJ-20260421-001,card-game-prototype,P-20260508-001,
PRJ-20260421-001,card-game-prototype,P-20260508-002,
PRJ-20260421-001,card-game-prototype,P-20260508-003,
PRJ-20260421-001,card-game-prototype,P-20260508-005,
PRJ-20260421-001,card-game-prototype,P-20260508-006,
PRJ-20260421-001,card-game-prototype,P-20260509-008,
PRJ-20260421-001,card-game-prototype,P-20260509-009,
PRJ-20260421-001,card-game-prototype,P-20260509-010,
PRJ-20260421-001,card-game-prototype,P-20260509-011,
PRJ-20260421-001,card-game-prototype,P-20260509-012,
PRJ-20260421-003,personalClaw,P-20250421-003,
PRJ-20260422-001,ai-novel-assistant,P-20250421-002,
PRJ-20260422-001,ai-novel-assistant,P-20260502-001,
PRJ-20260422-001,ai-novel-assistant,P-20260502-002,
PRJ-20260422-001,ai-novel-assistant,P-20260502-003,
PRJ-20260422-001,ai-novel-assistant,P-20260504-3001,
PRJ-20260422-001,ai-novel-assistant,P-20260504-3054,
PRJ-20260423-001,room-escape-puzzle,P-20260422-001,
PRJ-20260423-002,little-garden,P-20260422-005,
PRJ-20260423-005,hermes-agent-collab,P-20260419-005,
PRJ-20260423-005,hermes-agent-collab,P-20260424-002,
PRJ-20260423-005,hermes-agent-collab,P-20260504-3055,
PRJ-20260424-001,OpenMAIC,P-20260424-001,
PRJ-20260424-004,match3-puzzle,P-20260422-003,
PRJ-20260426-003,calculator-app,P-20250416-003,
PRJ-20260427-001,preschool-puzzle,P-20260426-001,
PRJ-20260427-001,preschool-puzzle,P-20260504-3096,
PRJ-20260428-001,whack-a-mole-3d,P-20260429-001,
PRJ-20260428-001,whack-a-mole-3d,P-20260430-001,
PRJ-20260428-001,whack-a-mole-3d,P-20260430-002,
PRJ-20260428-001,whack-a-mole-3d,P-20260430-003,
PRJ-20260428-001,whack-a-mole-3d,P-20260430-004,
PRJ-20260428-001,whack-a-mole-3d,P-20260430-005,
PRJ-20260428-002,flight-chess-3d,P-20260427-001,
PRJ-20260428-002,flight-chess-3d,P-20260502-004,
PRJ-20260428-002,flight-chess-3d,P-20260502-005,
PRJ-20260428-002,flight-chess-3d,P-20260504-3032,
PRJ-20260428-002,flight-chess-3d,P-20260504-3035,
PRJ-20260428-002,flight-chess-3d,P-20260504-3040,
PRJ-20260428-002,flight-chess-3d,P-20260504-3041,
PRJ-20260428-002,flight-chess-3d,P-20260504-3043,
PRJ-20260430-001,tower-baby-guard,P-20260430-006,
PRJ-20260430-002,doc-editor,P-20260430-007,
PRJ-20260509-001,trading-agents-design,P-20260509-001,
PRJ-20260511-003,astrbot-design,P-20260511-001,
PRJ-20260511-004,autoagent-design,P-20260511-002,
PRJ-20260511-005,bmad-method-design,P-20260511-003,
PRJ-20260511-006,chatdev-design,P-20260511-004,
PRJ-20260511-007,deepcode-design,P-20260511-005,
PRJ-20260511-008,deepseek-coder-design,P-20260511-006,
PRJ-20260516-002,cultivation-simulator,P-20260512-003,
PRJ-20260516-003,github-repo-manager,P-20260513-003,
PRJ-20260417-001,prj-proposals-manager,P-20260518-001,prj-proposals-manager 收藏功能增强 (Proposal级别收藏)
